original_index,problem,answer,topic,answer_type,multi_step,requires_reasoning,urls,kb_file
8,What is the name of the former Prime Minister of Iceland who worked as a cabin crew member until 1971?,Jóhanna Sigurðardóttir,Politics,Person,True,False,"https://kids.kiddle.co/J%C3%B3hanna_Sigur%C3%B0ard%C3%B3ttir,https://en.wikipedia.org/wiki/J%C3%B3hanna_Sigur%C3%B0ard%C3%B3ttir,https://www.britannica.com/biography/Johanna-Sigurdardottir",verified_0002.txt
9,To whom did Mehbooba Mufti Sayed contest the 2019 Lok Sabha elections and lose?,Hasnain Masoodi,Politics,Person,False,False,"https://www.indiatoday.in/elections/lok-sabha-2019/story/j-k-lok-sabha-results-2019-pdp-chief-mehbooba-mufti-loses-anantnag-seat-to-nc-hasnain-masoodi-1533245-2019-05-23,https://timesofindia.indiatimes.com/elections/lok-sabha-constituencies/jammu-kashmir/anantnag,https://en.wikipedia.org/wiki/Mehbooba_Mufti",verified_0003.txt
23,On which U.S. TV station did the Canadian reality series *To Serve and Protect* debut?,KVOS-TV,TV shows,Other,False,False,"https://en.wikipedia.org/wiki/To_Serve_and_Protect,https://play.google.com/store/tv/show/To_Serve_and_Protect?id=2D702407ED20EE6ASH&hl=ur&gl=US&pli=1,https://en.wikipedia.org/wiki/KVOS-TV",verified_0007.txt
31,"In 1810, François Aimé Louis Dumoulin published a collection of how many engravings themed on the journey of ""Robinson Crusoe""?",150 (acceptable range: anything between 148 and 152),Art,Number,False,False,"https://en.wikipedia.org/wiki/Fran%C3%A7ois_Aim%C3%A9_Louis_Dumoulin,https://www.theseus.fi/bitstream/handle/10024/510799/Payne_Sam.pdf;jsessionid=4E7D0553C98F587885B7F5A1C2BECF59?sequence=4",verified_0009.txt
61,What was Beloit College's Center for the Sciences renamed in 2017?,Marjorie and James Sanger Center for the Sciences.,Other,Other,False,False,"https://www.beloit.edu/live/news/155-naming-the-science-center,https://www.beloit.edu/live/news/1080-science-center-named-for-sangers,https://en.wikipedia.org/wiki/Beloit_College",verified_0018.txt
75,What is the first vampire number in recreational mathematics obtained by a 3x3-digit multiplication?,102510,Other,Number,False,False,"https://rosettacode.org/wiki/Vampire_number,https://medium.com/@bhaskaravsupraja/ever-heard-of-vampire-numbers-ac45830315a1,https://en.wikipedia.org/wiki/Vampire_number",verified_0024.txt
83,"According to Henry Scadding, author of ""Toronto of Old,"" how many people died on the HMS Ontario in 1780?",172 (acceptable range: anything between 170 and 174),History,Number,False,False,"https://archive.org/details/historyoftoronto01mulvuoft/page/217/mode/1up,https://www.gutenberg.ca/ebooks/scadding-torontoofold/scadding-torontoofold-00-h-dir/scadding-torontoofold-00-h.html",verified_0028.txt
297,Which one of the 1990 Fly Girls from the series In Living Color stayed for five seasons?,Deidre Lang,TV shows,Person,False,False,"https://en.wikipedia.org/wiki/List_of_In_Living_Color_cast_members,https://www.listal.com/deidre-lang",verified_0072.txt
397,"Which city in Nepal is known as the ""City of Nine Hills?""",Nuwakot,Geography,Place,False,False,"https://en.wikipedia.org/wiki/Nuwakot_District,https://nepaltraveller.com/sidetrack/nuwakot-the-city-of-nine-hills,https://en.wikipedia.org/wiki/Nuwakot",verified_0096.txt
432,"Le Chatelier's thermoelectric pyrometer, as discussed in the 1900 report ""Clays of New York, Their Properties and Uses,"" was considered accurate within how many degrees Fahrenheit?",10 (acceptable range: anything between 9 and 11 degrees Fahrenheit),Science and technology,Number,True,False,"https://www.google.com/books/edition/Clays_of_New_York/GygZAAAAYAAJ?hl=en&gbpv=1&bsq=thermoelectric%20pyrometer,https://nysl.ptfs.com/aw-server/rest/product/purl/NYSL/s/798ba2cb-27ae-4093-889c-926799428dc1",verified_0100.txt
448,What years was Antonio de Padua María Severino López de Santa Anna y Pérez de Lebrón vice president?,1837 to 1839,Politics,Date,False,False,"https://en.wikipedia.org/wiki/Antonio_L%C3%B3pez_de_Santa_Anna,https://pantheon.world/profile/person/Antonio_L%C3%B3pez_de_Santa_Anna,https://www.geni.com/people/Antonio-L%C3%B3pez-de-Santa-Anna/6000000092355998834",verified_0104.txt
744,What is the maximum depth of the Mediterranean Sea in meters?,5109 m (acceptable range: anything between 5057 and 5161 m),Geography,Number,False,False,"https://blitztest.com/geography/seas/mediterranean-sea,https://en.wikipedia.org/wiki/Calypso_Deep,https://en.wikipedia.org/wiki/Mediterranean_Sea",verified_0164.txt
1653,What is the name of the world's first solid titanium watch?,Citizen X8 Titanium Chronometer,Science and technology,Other,False,False,"https://www.citizenwatch.com/us/en/technology-super-titanium.html,https://www.citizenwatch-global.com/technologies/super-titanium/index.html,https://www.horbiter.com/en/first-ever-titanium-watch-is-a-citizen/,https://monochrome-watches.com/first-titanium-watch-1970-citizen-50th-anniversary-titanium-technology-in-depth/",verified_0368.txt
2030,What was the full name of the first Prime Minister of the Democratic Republic of the Congo?,Patrice Émery Lumumba,Politics,Person,False,False,"https://en.wikipedia.org/wiki/Patrice_Lumumba,https://www.sahistory.org.za/people/patrice-emery-lumumba",verified_0465.txt
2619,What are the notes of the bebop scale in Key A major?,"A, B, C♯, D, E, F (or E♯), F♯, G♯",Music,Other,False,False,"https://www.pianoscales.org/bebop.html,https://esvc006636.swp0002ssl.server-secure.com/scales/scabebop.htm,https://muted.io/major-bebop-scale/,https://pianowithjonny.com/piano-lessons/the-ultimate-guide-to-bebop-scales/",verified_0592.txt
2658,"On what date, month, and year was the Indian politician T. M. Selvaganapathy acquitted by the High Court in connection to the Pleasant Stay hotel case?",4 December 2001,Politics,Date,False,False,"https://en.wikipedia.org/wiki/T._M._Selvaganapathy,https://dbpedia.org/page/Pleasant_Stay_hotel_case,https://en.wikipedia.org/wiki/Pleasant_Stay_hotel_case",verified_0604.txt
2923,In what year was Glipodes dietrichi described by Franciscolo?,1962,Science and technology,Date,False,False,"https://en.wikipedia.org/wiki/Glipodes_dietrichi,https://en.wikipedia.org/wiki/Glipodes,https://www.gbif.org/species/7003367",verified_0666.txt
3555,Where was the first B.A.S.S. Bassmaster Tournament held?,Lake Mead,Sports,Place,False,False,"https://en.wikipedia.org/wiki/Bassmaster_Classic,https://www.espn.com/outdoors/bassmaster/about/news/story?page=bass_history,https://www.bassmaster.com/50th-anniversary-of-b-a-s-s/news/b-a-s-s-historical-timeline/",verified_0827.txt
3564,Which U.S. president was the last one to be born in the 18th century?,James Buchanan,Politics,Person,False,False,"https://en.wikipedia.org/wiki/James_Buchanan,https://millercenter.org/president/buchanan/life-before-the-presidency,https://www.loriferber.com/research/presidential-facts-statistics/presidential-birthdates.html",verified_0829.txt
4251,What is the signature frequency of a healthy human body in MHz according to Heidi Yellen in 2003?,100 MHz (acceptable range: anything between 99 and 101 MHz),Science and technology,Number,False,False,"https://modernsaintliving.com/2022/02/17/wool-linen-energetic-incompatibility/,https://empoweredsustenance.com/frequency-of-fabric/,https://www.farawear.ca/blog-2-1/blog-frequency-fabric",verified_0987.txt
